away_losses,away_wins,division_id,division_name,division_rank,games_back,home_losses,home_wins,last10_losses,last10_wins,league_id,league_name,league_rank,losses,run_differential,runs_allowed,runs_scored,season,sport_rank,streak_code,streak_number,streak_type,team_id,team_name,wildcard_games_back,winning_percentage,wins
37,43,201,,1,-,26,55,4,6,103,,1,63,90,643,733,2026,3,W2,2,wins,139,Rays,-,.609,98
34,47,201,,2,5.0,34,46,5,5,103,,2,68,138,601,739,2026,5,W1,1,wins,147,Yankees,+10.0,.578,93
35,46,201,,3,11.0,39,41,5,5,103,,3,74,82,605,687,2026,9,W2,2,wins,111,Red Sox,+4.0,.540,87
40,40,201,,4,19.0,42,39,4,6,103,,8,82,-21,739,718,2026,16,L1,1,losses,110,Orioles,4.0,.491,79
44,37,201,,5,20.0,39,41,7,3,103,,9,83,-50,693,643,2026,18,L1,1,losses,141,Blue Jays,5.0,.484,78
36,44,202,,1,-,40,41,1,9,103,,4,76,12,664,676,2026,11,W3,3,wins,114,Guardians,-,.528,85
45,36,202,,2,2.0,33,47,4,6,103,,5,78,54,718,772,2026,12,L1,1,losses,145,White Sox,-,.516,83
46,35,202,,3,9.0,39,41,4,6,103,,10,85,-60,793,733,2026,21,L1,1,losses,142,Twins,7.0,.472,76
47,34,202,,4,9.0,38,42,6,4,103,,11,85,73,648,721,2026,22,W2,2,wins,116,Tigers,7.0,.472,76
53,28,202,,5,17.0,40,40,8,2,103,,13,93,-121,808,687,2026,26,L3,3,losses,118,Royals,15.0,.422,68
39,41,200,,1,-,42,39,6,4,103,,6,81,-41,766,725,2026,14,W1,1,wins,117,Astros,-,.497,80
45,35,200,,2,-,36,45,5,5,103,,7,81,-44,713,669,2026,15,W1,1,wins,140,Rangers,3.0,.497,80
48,33,200,,3,5.0,38,42,5,5,103,,12,86,-62,719,657,2026,24,W1,1,wins,136,Mariners,8.0,.466,75
49,32,200,,4,16.0,48,32,7,3,103,,14,97,-229,928,699,2026,28,L1,1,losses,133,Athletics,19.0,.398,64
52,28,200,,5,18.0,47,34,6,4,103,,15,99,-93,745,652,2026,29,L1,1,losses,108,Angels,21.0,.385,62
38,42,204,,1,-,29,52,4,6,104,,3,67,118,621,739,2026,4,W1,1,wins,144,Braves,-,.584,94
36,45,204,,2,7.0,38,42,6,4,104,,6,74,11,695,706,2026,8,L4,4,losses,143,Phillies,-,.540,87
48,33,204,,3,15.0,34,46,5,5,104,,9,82,1,709,710,2026,17,L1,1,losses,146,Marlins,8.0,.491,79
43,38,204,,4,18.0,42,38,4,6,104,,11,85,4,811,815,2026,20,L1,1,losses,120,Nationals,11.0,.472,76
42,38,204,,5,20.0,45,36,5,5,104,,13,87,-30,725,695,2026,25,W1,1,wins,121,Mets,13.0,.460,74
33,48,205,,1,-,26,54,2,8,104,,1,59,212,614,826,2026,1,W4,4,wins,158,Brewers,-,.634,102
38,42,205,,2,14.0,35,46,6,4,104,,5,73,143,701,844,2026,7,L2,2,losses,112,Cubs,+1.0,.547,88
43,37,205,,3,21.0,37,44,4,6,104,,8,80,26,737,763,2026,13,L2,2,losses,134,Pirates,6.0,.503,81
41,39,205,,4,25.0,43,38,8,2,104,,10,84,-27,743,716,2026,19,L3,3,losses,138,Cardinals,10.0,.478,77
43,37,205,,5,27.0,43,38,5,5,104,,12,86,-156,821,665,2026,23,W1,1,wins,113,Reds,12.0,.466,75
32,48,203,,1,-,30,51,3,7,104,,2,62,197,599,796,2026,2,W2,2,wins,119,Dodgers,-,.615,99
41,40,203,,2,9.0,30,50,2,8,104,,4,71,36,677,713,2026,6,W1,1,wins,135,Padres,+3.0,.559,90
39,41,203,,3,13.0,36,45,4,6,104,,7,75,14,721,735,2026,10,L1,1,losses,109,D-backs,1.0,.534,86
53,28,203,,4,34.0,43,37,7,3,104,,14,96,-87,755,668,2026,27,L4,4,losses,137,Giants,22.0,.404,65
54,26,203,,5,41.0,49,32,8,2,104,,15,103,-190,940,750,2026,30,W1,1,wins,115,Rockies,29.0,.360,58
