player_id,player_name,year,xwoba,exit_velocity_avg,barrel_batted_rate,whiff_percent,chase_percent
668909,"Williams, Gavin",2026,.302,90.2,11.4,32.8,33.6
669432,"Rogers, Trevor",2026,.293,88.1,6.8,24.4,35.6
518876,"Kelly, Merrill",2026,.377,89.6,11,21.6,35.1
669302,"Gilbert, Logan",2026,.294,89.6,10,30.7,32.6
702070,"Cameron, Noah",2026,.312,88.9,8.2,25.8,29.4
700241,"McGreevy, Michael",2026,.351,89.9,9.1,20.1,28.5
669467,"Pallante, Andre",2026,.313,87.2,4.9,21,26.4
607625,"Lugo, Seth",2026,.343,89.7,8,18.7,25.3
694973,"Skenes, Paul",2026,.281,88,7.3,28.2,32.3
671737,"Bradley, Taj",2026,.307,90.9,9.1,27.4,28.3
656876,"Rasmussen, Drew",2026,.271,88.2,5.9,25.1,33.1
592662,"Ray, Robbie",2026,.335,89.2,8,24.6,28.2
667755,"Soriano, José",2026,.323,88.5,7.5,28.6,32.8
671096,"Abbott, Andrew",2026,.338,89.7,8.3,22.4,29
543243,"Gray, Sonny",2026,.303,89.2,6.9,23.1,33.2
664285,"Valdez, Framber",2026,.321,90,5.6,20.6,30.8
694819,"Misiorowski, Jacob",2026,.226,87.2,3.6,37.3,35
592332,"Gausman, Kevin",2026,.309,88.9,7.7,27.7,35
693433,"Woo, Bryan",2026,.296,89.4,7,25.2,34.2
669923,"Kirby, George",2026,.315,89.4,6.6,22.5,34.3
690997,"McLean, Nolan",2026,.294,87.9,6.5,23.6,28
676917,"Cavalli, Cade",2026,.296,89.3,7,27.4,32.1
808967,"Yamamoto, Yoshinobu",2026,.266,87.7,6.5,27.9,33.9
676440,"Bibee, Tanner",2026,.320,89,8.5,23.6,27.8
593958,"Rodriguez, Eduardo",2026,.318,87.2,7.6,21.9,30.6
684007,"Imanaga, Shota",2026,.301,88.4,9.8,30,35.4
672282,"Detmers, Reid",2026,.281,89.8,7.8,29.1,32.8
642547,"Peralta, Freddy",2026,.302,87.6,5.8,26.1,31.3
656492,"Griffin, Foster",2026,.320,87.8,8.3,23.2,32
605400,"Nola, Aaron",2026,.314,88.5,9.3,27.1,33.3
608379,"Wacha, Michael",2026,.308,88.3,7.1,21.6,29.5
680732,"Burke, Sean",2026,.300,89.5,8.3,25.5,31.7
607259,"Martinez, Nick",2026,.307,87,6.8,17.4,32.1
693645,"Schlittler, Cam",2026,.262,88.4,7.3,29.4,34.4
594798,"deGrom, Jacob",2026,.288,90.4,7.9,33.2,35.1
666200,"Luzardo, Jesús",2026,.261,87.3,5.9,31.9,33.7
650911,"Sánchez, Cristopher",2026,.285,89.4,7.5,31.3,36.3
677952,"Ashcraft, Braxton",2026,.287,89.7,6.2,25.6,37
645261,"Alcantara, Sandy",2026,.301,88.7,5.5,21.1,31.1
650633,"King, Michael",2026,.322,87,8.2,24.5,30.3
669358,"Baz, Shane",2026,.317,90,6.8,21.5,29.9
656302,"Cease, Dylan",2026,.265,85.5,5.5,33.3,31.8
800048,"Messick, Parker",2026,.275,87.6,5,25.5,31.6
519242,"Sale, Chris",2026,.267,87.8,6.2,30.4,36.5
669022,"Gore, MacKenzie",2026,.314,89.2,8.6,24.9,29.9
554430,"Wheeler, Zack",2026,.263,86.5,6,30.9,36.3
