player_id,player_name,year,xwoba,xba,xslg,exit_velocity_avg,barrel_batted_rate,hard_hit_percent,sprint_speed
805367,"Meidroth, Chase",2026,.301,.239,.348,87.2,4.6,34.6,27.3
664761,"Bohm, Alec",2026,.327,.265,.413,90.6,6,43.8,26.5
681082,"Stott, Bryson",2026,.329,.266,.400,89.3,5.9,37.3,28.3
677800,"Abreu, Wilyer",2026,.347,.253,.470,89.8,12.6,43.5,28.0
621566,"Olson, Matt",2026,.351,.247,.503,92.5,14.2,51.9,25.3
545361,"Trout, Mike",2026,.381,.255,.487,90.1,16,46.3,28.6
668930,"Turang, Brice",2026,.344,.254,.428,90.2,7.8,41.5,28.5
643446,"McNeil, Jeff",2026,.300,.271,.359,86.3,1.7,29.8,26.3
677594,"Rodríguez, Julio",2026,.336,.266,.442,90.3,8.9,44.1,28.7
683737,"Busch, Michael",2026,.332,.233,.402,88.4,9.2,39.8,26.0
668709,"Bleday, JJ",2026,.339,.239,.420,88.4,9.6,40.1,27.5
643289,"Dubón, Mauricio",2026,.303,.267,.373,86.4,3.8,29.3,26.8
701398,"Stewart, Sal",2026,.344,.257,.467,90.4,12.3,41.6,26.6
677587,"Rocchio, Brayan",2026,.294,.246,.350,87,2.9,30,27.4
802139,"Wetherholt, JJ",2026,.347,.255,.435,89.7,7.4,44.9,27.6
686527,"Canzone, Dominic",2026,.359,.274,.492,91.1,12.3,44.8,26.4
691023,"Walker, Jordan",2026,.340,.263,.463,92.7,13.3,50,29.1
683953,"Bazzana, Travis",2026,.301,.226,.350,87.8,5.2,36.7,28.3
656941,"Schwarber, Kyle",2026,.363,.235,.486,92.3,15.4,49.2,25.6
803011,"Antonacci, Sam",2026,.346,.282,.397,87.5,5,33.6,28.2
666018,"Aranda, Jonathan",2026,.343,.254,.438,91,9.9,45.9,25.7
669394,"Burger, Jake",2026,.316,.228,.422,90.1,12.3,45.5,27.3
702284,"Young, Cole",2026,.315,.259,.391,88.3,5.1,37.7,27.8
665926,"Giménez, Andrés",2026,.275,.237,.333,85.4,3.4,24.8,27.7
605141,"Betts, Mookie",2026,.341,.279,.437,90.2,7.8,38,26.7
807712,"Keaschall, Luke",2026,.320,.251,.369,85.4,3.8,29.2,28.8
808959,"Murakami, Munetaka",2026,.349,.202,.465,93.9,20.3,56.6,26.8
514888,"Altuve, Jose",2026,.271,.224,.325,85.7,4.2,31.6,27.5
678882,"Rafaela, Ceddanne",2026,.284,.249,.362,86.4,5.4,32,28.9
606466,"Marte, Ketel",2026,.345,.276,.455,90.1,9.3,42.6,26.8
669065,"Stowers, Kyle",2026,.329,.227,.437,92.5,12.8,56.4,26.3
572233,"Walker, Christian",2026,.303,.227,.394,89.1,9.4,40.8,25.9
671056,"Herrera, Iván",2026,.334,.248,.386,89.4,6,40.5,26.1
683002,"Henderson, Gunnar",2026,.322,.246,.401,89.2,7.7,43.3,28.2
641355,"Bellinger, Cody",2026,.335,.271,.411,89.2,6.6,37.8,27.3
660271,"Ohtani, Shohei",2026,.397,.286,.552,93.3,16.4,52,27.7
670541,"Alvarez, Yordan",2026,.443,.319,.640,94.4,16.1,53.9,25.4
521692,"Perez, Salvador",2026,.315,.249,.437,89.2,10.5,42.6,23.7
678246,"Vargas, Miguel",2026,.378,.263,.496,90.1,13,43.8,28.6
805808,"McGonigle, Kevin",2026,.355,.264,.444,87.8,7.1,37.5,28.2
663586,"Riley, Austin",2026,.300,.214,.398,91.3,12.5,44.3,27.9
571970,"Muncy, Max",2026,.345,.240,.464,89.9,12.7,45.7,27.2
805300,"Marsee, Jakob",2026,.314,.233,.334,87.3,3.8,34.5,27.9
666182,"Bichette, Bo",2026,.332,.281,.425,89.6,6.4,41.8,26.1
666176,"Adell, Jo",2026,.325,.255,.438,90.3,8.8,44.5,28.3
681198,"Rumfield, TJ",2026,.333,.261,.386,84.3,5,27.9,24.9
676475,"Burleson, Alec",2026,.374,.289,.522,92,11.3,50,25.6
665489,"Guerrero Jr., Vladimir",2026,.331,.280,.400,90.3,6.9,44.3,26.4
669364,"Edwards, Xavier",2026,.311,.258,.356,86.8,3.2,28.4,28.3
650490,"Díaz, Yandy",2026,.346,.281,.439,90.9,7.1,48.1,26.0
668804,"Reynolds, Bryan",2026,.355,.255,.444,90.8,11.2,47.9,28.2
686797,"Lee, Brooks",2026,.278,.231,.352,88.1,4.3,33.9,26.3
686948,"Baldwin, Drake",2026,.370,.279,.505,91.5,12.9,50.6,26.0
605137,"Bell, Josh",2026,.333,.256,.442,89.9,9.4,42,26.0
695506,"Caglianone, Jac",2026,.357,.282,.499,93.2,13.1,54.4,27.0
647304,"Naylor, Josh",2026,.312,.270,.383,87.1,4.5,35.9,24.3
679529,"Torkelson, Spencer",2026,.314,.211,.393,89.5,12.2,42,26.5
701807,"Benge, Carson",2026,.341,.278,.437,88.8,7.4,38.8,28.6
702332,"Durbin, Caleb",2026,.293,.236,.318,83.1,2.8,25.2,27.9
668227,"Arozarena, Randy",2026,.348,.258,.419,90.9,8.2,43.5,27.1
664040,"Lowe, Brandon",2026,.331,.240,.445,91,12.4,45.8,27.0
664983,"McCarthy, Jake",2026,.321,.273,.410,85.3,5.5,28.4,30.0
662139,"Varsho, Daulton",2026,.283,.228,.354,86.7,6.9,36.5,27.4
680757,"Kwan, Steven",2026,.329,.278,.343,83.9,0.4,10.5,27.4
646240,"Devers, Rafael",2026,.342,.238,.473,93,12.5,51.6,26.1
691406,"Caminero, Junior",2026,.364,.273,.500,92.7,13.1,49.6,26.7
664023,"Happ, Ian",2026,.314,.208,.392,89.3,11.2,42.1,28.0
543807,"Springer, George",2026,.306,.238,.380,88.6,6.5,38.6,26.9
693307,"Dingler, Dillon",2026,.344,.266,.468,88.8,10.1,43.4,27.3
701358,"Smith, Cam",2026,.316,.234,.419,88.6,11.3,43.3,29.2
680776,"Duran, Jarren",2026,.301,.237,.389,89.6,9.2,39.8,29.0
686555,"Collins, Isaac",2026,.292,.218,.302,88,4.9,39.1,27.6
695657,"Montgomery, Colson",2026,.296,.200,.390,88.6,12.1,41.2,26.6
663656,"Tucker, Kyle",2026,.332,.255,.393,88.5,6.4,36.5,26.6
682928,"Abrams, CJ",2026,.332,.247,.435,89.6,10.4,40.7,28.4
671277,"García Jr., Luis",2026,.341,.276,.486,91.4,12.2,46.1,26.4
592518,"Machado, Manny",2026,.327,.242,.420,90.1,9.7,43.5,25.2
696100,"Goodman, Hunter",2026,.322,.229,.458,89.7,14.5,44.2,27.3
665487,"Tatis Jr., Fernando",2026,.379,.296,.500,92.9,12.7,53.9,28.9
593428,"Bogaerts, Xander",2026,.325,.248,.376,89.6,5.5,42.3,27.1
663728,"Raleigh, Cal",2026,.310,.188,.393,90.1,14.3,39.5,25.9
665862,"Chisholm Jr., Jazz",2026,.294,.216,.366,90.4,8.2,42.8,28.3
695734,"Lile, Daylen",2026,.326,.257,.445,88.6,9.6,38.1,29.4
672515,"Moreno, Gabriel",2026,.363,.289,.451,89.3,7.7,42.2,26.2
689414,"Hicks, Liam",2026,.319,.261,.358,84.6,3.7,27.1,25.7
672640,"Lopez, Otto",2026,.327,.281,.417,89.1,6,40.8,28.5
575929,"Contreras, Willson",2026,.377,.256,.486,89.8,13.4,44,27.3
687263,"Neto, Zach",2026,.317,.216,.411,89.9,11.7,41.4,27.9
607043,"Nimmo, Brandon",2026,.340,.268,.444,92,9,50.5,28.0
671732,"Butler, Lawrence",2026,.327,.245,.399,89.8,8.7,45,26.7
701538,"Merrill, Jackson",2026,.347,.270,.491,91.5,12.4,48.7,29.0
682985,"Greene, Riley",2026,.372,.263,.501,89.9,14.8,46.1,26.6
681715,"Hernández, Heriberto",2026,.344,.240,.467,91.4,12.5,47.8,28.3
663538,"Hoerner, Nico",2026,.323,.298,.376,86,1.4,29.2,28.3
695600,"Jensen, Carter",2026,.318,.217,.423,91.5,12.7,44.8,27.8
671739,"Harris II, Michael",2026,.342,.290,.477,90.5,10.3,47.6,27.7
676391,"Clement, Ernie",2026,.258,.241,.318,84.3,2.1,20.7,28.1
607208,"Turner, Trea",2026,.292,.241,.362,88.4,6,39,29.9
682998,"Carroll, Corbin",2026,.342,.250,.447,91.8,12.3,47.9,29.7
672960,"Okamoto, Kazuma",2026,.328,.225,.447,90.6,13.1,44.1,26.4
678662,"Tovar, Ezequiel",2026,.280,.226,.371,87.3,7,33.2,28.1
693304,"Gonzales, Nick",2026,.325,.280,.384,86.4,3.1,33.9,28.8
645277,"Albies, Ozzie",2026,.274,.222,.338,87.1,3.9,27.7,27.1
518692,"Freeman, Freddie",2026,.364,.291,.464,89.5,8.1,41.2,25.3
661388,"Contreras, William",2026,.334,.261,.441,90.3,8.5,44.1,26.0
677951,"Witt Jr., Bobby",2026,.380,.304,.507,92.3,11.5,50.7,30.1
547180,"Harper, Bryce",2026,.380,.271,.480,89.9,10.2,43,27.2
669003,"Mitchell, Garrett",2026,.351,.267,.444,93.2,11.5,52.5,29.8
691718,"Crow-Armstrong, Pete",2026,.374,.263,.508,90.6,13.3,48.5,29.5
673548,"Suzuki, Seiya",2026,.340,.246,.427,88.6,10.7,38.9,27.9
672695,"Perdomo, Geraldo",2026,.332,.259,.354,87.6,3.1,31.9,27.0
800050,"DeLauter, Chase",2026,.346,.277,.427,91.4,6.3,46.3,26.6
670623,"Paredes, Isaac",2026,.323,.246,.374,86.1,4.8,29.5,25.1
668904,"Lewis, Royce",2026,.303,.236,.390,89.7,10.5,39.7,27.7
677649,"Duran, Ezequiel",2026,.301,.244,.370,88.9,6,38.6,28.9
608324,"Bregman, Alex",2026,.322,.249,.382,88.1,6.1,37.4,26.2
682829,"De La Cruz, Elly",2026,.377,.281,.507,94.7,16.4,53.5,28.4
624413,"Alonso, Pete",2026,.402,.285,.563,93.9,15.3,56.2,24.9
641343,"Bauers, Jake",2026,.370,.251,.465,92.1,13.8,52,26.9
808982,"Lee, Jung Hoo",2026,.315,.288,.382,87.5,2.3,31.5,27.5
695578,"Wood, James",2026,.404,.271,.550,95.4,18.7,58.8,27.1
642715,"Adames, Willy",2026,.296,.222,.391,87.4,8.9,38.8,27.8
802415,"Simpson, Chandler",2026,.263,.261,.297,83.6,0,13.4,29.4
621493,"Ward, Taylor",2026,.334,.241,.360,88.7,5.1,38.3,27.5
691026,"Winn, Masyn",2026,.297,.245,.329,88.3,3.3,34.9,28.5
608070,"Ramírez, José",2026,.325,.266,.391,88.6,4.1,38.8,27.9
650333,"Arraez, Luis",2026,.307,.289,.377,86.4,1.2,19.4,26.8
571448,"Arenado, Nolan",2026,.299,.230,.365,85.1,7,31.1,25.1
665019,"Clemens, Kody",2026,.333,.253,.453,91.9,11.1,46.1,28.1
700250,"Rice, Ben",2026,.378,.267,.511,91.9,14.3,48.6,26.8
669016,"Marsh, Brandon",2026,.302,.251,.402,89.2,8.1,42.7,28.1
694192,"Chourio, Jackson",2026,.343,.263,.474,91.6,12.5,47,28.8
543760,"Semien, Marcus",2026,.300,.241,.376,86.7,5.9,33.6,28.3
681624,"Pages, Andy",2026,.342,.273,.438,88.8,7.7,42.1,28.3
